<?xml version="1.0" encoding="UTF-8"?>
<project-private xmlns="http://www.netbeans.org/ns/project-private/1">
    <editor-bookmarks xmlns="http://www.netbeans.org/ns/editor-bookmarks/2" lastBookmarkId="0"/>
    <open-files xmlns="http://www.netbeans.org/ns/projectui-open-files/2">
        <group>
            <file>file:/C:/Users/raulg/OneDrive/Documentos/GitHub/Connecta4/src/edu/epsevg/prop/lab/c4/Juga2.java</file>
            <file>file:/C:/Users/raulg/OneDrive/Documentos/GitHub/Connecta4/src/edu/epsevg/prop/lab/c4/C4Panther.java</file>
            <file>file:/C:/Users/raulg/OneDrive/Documentos/GitHub/Connecta4/src/edu/epsevg/prop/lab/c4/ConectameEsta.java</file>
        </group>
    </open-files>
</project-private>
